csv_no,authors,year,title,extract_file,match,source_category,D1,D2,D3,n_countries,score
1,Hanol Lee & Jong-Wha Lee,2025,An Extended Dataset of Educational Quality Across Countries (1970–2023),1. Lee & Lee. (2025). An Extended Dataset of Educational Quality Across.json,direct,methodology_paper,Synthesis,None,Bounded,1,2
2,"Li Zhu, Hyesun You, Minju Hongc & Zhenhan Fang",2025,Predictive insights into U.S. students’ mathematics performance on PISA 2022 using ensemble tree-based machine learning model,2. Zhu et al. (2025). Predictive insights into U.S. students’ mathematics.json,direct,peer_reviewed_research,Correlational,Quantified,Bounded,1,4
3,"Jing Zhou, Zhanliang Ye, Sheng Zhang, Zhao Geng, Ning Han & Tao Yang",2024,Investigating response behavior through TF-IDF and Word2vec text analysis: A case study of PISA 2012 problem-solving process data,3. Zhou et al. (2024). Investigating response behavior through TF-IDF and.json,direct,peer_reviewed_research,Correlational,Quantified,Global/Unspecified,0,4
4,"Jia?qi Zheng, Kwok?cheung Cheung & Pou?seong Sit",2023,Identifying key features of resilient students in digital reading: Insights from a machine learning approach,4. Zheng et al. (2023). Identifying key features of resilient students in.json,direct,peer_reviewed_research,Correlational,Quantified,Bounded,7,4
5,Yajie Song & Maria Cutumisu,2024,Using machine learning to predict student science achievement based on science curriculum type in TIMSS 2019,5. Song & Cutumisu. (2024). Using machine learning to predict student science.json,direct,peer_reviewed_research,Correlational,Quantified,Global/Unspecified,0,4
6,"Abdelamine Elouafi, Ilyas Tammouch, Souad Eddarouich & Raja Touahni",2025,Uncovering Key Factors of Student Performance in Math: An Explainable Deep Learning Approach Using TIMSS 2019 Data,6. Elouafi et al. (2025). Uncovering Key Factors of Student Performance in Math.json,direct,peer_reviewed_research,Correlational,Quantified,Bounded,1,4
7,Dilan Kalayc? Alas & Murat Tezer,2024,Artificial Neural Network and Adaptive Neuro Fuzzy Inference System Hybridized Models in the Sustainable Integration of Language and Mathematics Skills: The Case of Singapore and Hong Kong,7. Alas & Tezer. (2024). Artificial Neural Network and Adaptive Neuro Fuzzy.json,direct,peer_reviewed_research,Correlational,Quantified,Bounded,2,4
8,Sibel Ac?sl?-Celik & Cafer Mert Yesilkanat,2023,Predicting science achievement scores with machine learning algorithms: a case study of OECD PISA 2015–2018 data,8. Ac?sl?-Celik & Yesilkanat. (2023). Predicting science achievement scores with machine.json,direct,peer_reviewed_research,Correlational,Quantified,Bounded,13,4
9,"Bilal Baris Alkan, Serafettin Kuzucuk, ?evki Yetkin Odabasi & Leyla Karaku?",2025,Educational improvement through machine learning: Strategic models for better PISA scores,9. Alkan et al. (2025). Educational improvement through machine learning.json,direct,peer_reviewed_research,Correlational,Quantified,Bounded,37,4
10,?zzettin Aydo?an & Osman Tat,2025,Investigating the Performance of Artificial Neural Networks in Predicting Affective Responses,10. Aydo?an & Tat. (2025). Investigating the Performance of Artificial Neural.json,direct,peer_reviewed_research,Correlational,Quantified,Bounded,1,4
11,Ibrahim Demir & Hasan Aykut Karabo?a,2021,Modeling mathematics achievement with deep learning methods,11. Demir & Karabo?a. (2021). Modeling mathematics achievement with deep learning.json,direct,peer_reviewed_research,Correlational,Quantified,Bounded,1,4
12,"Ismael Gómez-Talal, Luis Bote-Curiel & José Luis Rojo-Álvarez",2025,Interpretable Machine Learning Models for PISA Results in Mathematics,12. Gómez-Talal et al. (2025). Interpretable Machine Learning Models for PISA Results.json,direct,peer_reviewed_research,Correlational,Quantified,Bounded,1,4
13,Yujia Bu & Fu Chen,2023,What key contextual factors contribute to students’ reading literacy among top-performing countries and economies? Statistical and machine learning analyses,13. Bu & Chen. (2023). What key contextual factors contribute to students’.json,direct,peer_reviewed_research,Correlational,Quantified,Bounded,3,4
14,Yeseul Choi & JeeHun Sung,2024,Do Key Predictors of Academic Resilience Differ Across Cultures? Evidence From Korea and the US,14. Choi & Sung. (2024). Do Key Predictors of Academic Resilience Differ Across.json,direct,peer_reviewed_research,Correlational,Quantified,Bounded,2,4
15,"Valeria Damiani, Elisa Caponera, Bruno Losito, Laura Palmerio & Gabriella Agrusti",2024,Young people’s civic engagement in Italy/ evidence on grade 8 students from the international civic and citizenship education study (ICCS) 2016,15. Damiani et al. (2024). Young people’s civic engagement in Italy- evidence on.json,direct,peer_reviewed_research,Correlational,Quantified,Bounded,1,4
16,"Allan B. I. Bernardo, Macario O. Cordel II, Rochelle Irene G. Lucas, Jude Michael M. Teves, Sashmir A. Yap & Unisse C. Chua",2021,Using Machine Learning Approaches to Explore Non-Cognitive Variables Influencing Reading Proficiency in English among Filipino Learners,16. Bernardo et al. (2021). Using Machine Learning Approaches to Explore.json,direct,peer_reviewed_research,Correlational,Quantified,Bounded,1,4
17,"Nathan McJames, Andrew Parnell & Ann O’Shea",2023,Factors a?ecting teacher job satisfaction: a causal inference machine learning approach using data from TALIS 2018,17. McJames et al. (2023). Factors a?ecting teacher job satisfaction a causal.json,direct,peer_reviewed_research,Causal,Quantified,Bounded,1,5
18,"Myint Swe Khine, Nagla Ali & Othman Abu Khurma",2025,From Meals to Marks: Modeling the Impact of Family Involvement on Reading Performance with Counterfactual Explainable AI,18. Khine et al. (2025). From Meals to Marks Modeling the Impact of Family.json,direct,peer_reviewed_research,Correlational,Quantified,Bounded,1,4
19,"Zakaria Khoudi, Mourad Nachaoui & Soufiane Lyaqini",2024,Finding the contextual impacts on Students’ Mathematical performance using a Machine Learning-based Approach,19. Khoudi et al. (2024). Finding the contextual impacts on Students’.json,direct,peer_reviewed_research,Correlational,Quantified,Bounded,1,4
20,"Özlem Bezek Güre, Murat Kayri & Fevzi Erdo?an",2020,Analysis of Factors Effecting PISA 2015 Mathematics Literacy via Educational Data Mining,20. Güre et al. (2020). Analysis of Factors Effecting PISA 2015 Mathematics.json,direct,peer_reviewed_research,Correlational,Quantified,Bounded,1,4
21,"Miryeong Koo
& Jin Eun Yoo",2025,Teachers’ team innovativeness in TALIS 2018: An empirical and simulation study using glmmLasso for multilevel data,21. Koo & Yoo. (2025). Teachers’ team innovativeness in TALIS 2018 An.json,direct,peer_reviewed_research,Correlational,Quantified,Bounded,1,4
22,"Kwok-cheung Cheung, Pou-seong Sit, Jia-qi Zheng, Chi-chio Lam, Soi-kei Mak & Man-kai Ieong",2024,A machine-­learning model of academic resilience in the times of the COVID-­ 19 pandemic: Evidence drawn from 79 countries/economies in the PISA 2022 mathematics study,22. Cheung et al. (2024). A machine-­learning model of academic resilience in.json,direct,peer_reviewed_research,Correlational,Quantified,Global/Unspecified,0,4
23,"Samuel Encarnação, José Eduardo Teixeira, Pedro Forte, Luciano Bernardes Leite, Andrew Sortwell, Luís Branquinho, Ricardo Ferraz, Pedro Afonso, Paula Vaz & António Miguel Monteiro",2025,Hierarchical clustering of the pre-exam anxiety levels in physically inactive and active adolescent students from 56 countries: an observational study using PISA program data,23. Encarnação et al. (2025). Hierarchical clustering of the pre-exam anxiety levels.json,direct,peer_reviewed_research,Correlational,Quantified,Bounded,56,4
24,"Faming Wang, Ronnel B. King & Shing On Leung",2022,Why do East Asian students do so well in mathematics? A machine learning study,24. Wang et al. (2022). Why do East Asian students do so well in mathematics?.json,direct,peer_reviewed_research,Correlational,Quantified,Bounded,5,4
25,"Nico Andersen, Julia Mang, Frank Goldhammer & Fabian Zehner",2025,Algorithmic Fairness in Automatic Short Answer Scoring,25. Andersen et al. (2025). Algorithmic Fairness in Automatic Short Answer Scoring.json,direct,peer_reviewed_research,Correlational,Quantified,Bounded,1,4
26,"Pablo Bencomo-Mesa, Gustavo A. Marrero, Gabriela Sicilia",2024,Inequality of Opportunity in Education in Spanish Regions: A Machine Learning Approach,26. Bencomo-Mesa et al. (2024). Inequality of Opportunity in Education in Spanish.json,direct,peer_reviewed_research,Correlational,Quantified,Bounded,1,4
27,"XiaoTao Cai, Yi Xian, TongYi Liu, YuXin Zhou, Qing Chen & HaoNan Cui",2025,A study on factors influencing digital sports participation among Chinese secondary school students based on explainable machine learning,27. Cai et al. (2025). A study on factors influencing digital sports.json,direct,peer_reviewed_research,Correlational,Quantified,Bounded,4,4
28,"Ji Yoon Jung, Lillian Tyack & Matthias von Davier",2024,Combining machine translation and automated scoring in international large-scale assessments,28. Jung et al. (2024). Combining machine translation and automated scoring in.json,direct,peer_reviewed_research,Correlational,Quantified,Bounded,8,4
29,"Ying Huang, Ying Zhou, Jihe Chen & Danyan Wu",2024,Applying Machine Learning and SHAP Method to Identify Key Influences on Middle-School Students’ Mathematics Literacy Performance,29. Huang et al. (2024). Applying Machine Learning and SHAP Method to Identify.json,direct,peer_reviewed_research,Correlational,Quantified,Bounded,6,4
30,"Yi Wang, Ronnel B. King, Lingyi Karrie Fu & Shing On Leung",2023,Understanding Students’ Subjective and Eudaimonic Well?Being: Combining both Machine Learning and Classical Statistics,30. Wang et al. (2023). Understanding Students’ Subjective and Eudaimonic.json,direct,peer_reviewed_research,Correlational,Quantified,Bounded,1,4
31,"Yimei Zhang, Maria Cutumisu",2024,Predicting the Mathematics Literacy of Resilient Students from High-performing Economies: A Machine Learning Approach,31. Zhang & Cutumisu. (2024). Predicting the Mathematics Literacy of Resilient.json,direct,peer_reviewed_research,Correlational,Quantified,Bounded,23,4
32,"Delia Arroyo Resino, Alexander Constante-Amores, Pedro Gil Madrona & Pedro José Carrillo López",2024,Student well-being and mathematical literacy performance in PISA 2018: a machine-learning approach,32. Resino et al. (2024). Student well-being and mathematical literacy.json,direct,peer_reviewed_research,Correlational,Quantified,Bounded,1,4
33,"Nathan McJames, Andrew Parnell, Ann O’Shea",2024,Little and often: Causal inference machine learning demonstrates the benefits of homework for improving achievement in mathematics and science,33. McJames et al. (2024). Little and often Causal inference machine learning.json,direct,peer_reviewed_research,Causal,Quantified,Bounded,1,5
34,"?engür, Dönü?",2026,"Explaining the Links Between School Administrator Leadership, Job Satisfaction, and Participatory School Climate: A Machine Learning-Enhanced Multilevel Analysis of TALIS 2024 School Administrator Data",34. ?engür & Dönü?. (2026). Explaining the Links Between School Administrator.json,direct,peer_reviewed_research,Correlational,Quantified,Bounded,49,4
35,"Khanh Linh Nguyen, Ta’Rhonda Mayberry, Yang Liu, Myint Swe Khine & Vivek K. Pallipuram",2023,An evaluation of tiered machine learning framework to predict science achievement among Singapore students,35. Nguyen et al. (2023). An evaluation of tiered machine learning framework to.json,direct,peer_reviewed_research,Correlational,Quantified,Bounded,1,4
36,"Miguel Alvarez-Garcia, Mar Arenas-Parra & Raquel Ibar-Alonso",2024,Uncovering student profiles. An explainable cluster analysis approach to PISA 2022,36. Alvarez-Garcia et al. (2024). Uncovering student profiles. An explainable cluster.json,direct,peer_reviewed_research,Correlational,Quantified,Bounded,1,4
37,"Hongwen Guo, Matthew S. Johnson, Kadriye Ercikan, Luis Saldivia & Michelle Worthington",2024,Large-Scale Assessments for Learning: A Human-Centred AI Approach to Contextualizing Test Performance,37. Guo et al. (2024). Large-Scale Assessments for Learning A Human-Centred.json,direct,peer_reviewed_research,Correlational,Quantified,Bounded,1,4
38,José Hernández-Ramos & Roberto Araya,2025,Do School Activities Foster Creative Thinking? An Analysis of PISA Results,38. Hernández-Ramos & Araya. (2025). Do School Activities Foster Creative Thinking? An.json,direct,peer_reviewed_research,Correlational,Quantified,Bounded,11,4
39,"Jia-qi Zheng, Kwok-cheung Cheung, Pou-seong Sit, Chi-chio Lam",2025,Unfolding key factors of resilience in ICT cognitive-motivational engagement: Global evidence from machine learning techniques,39. Zheng et al. (2025). Unfolding key factors of resilience in ICT.json,direct,peer_reviewed_research,Correlational,Quantified,Global/Unspecified,0,4
40,"JiYoon Kim, Sojin Yoon & Sehee Hong",2024,Exploring Influencing Factors at Student and Teacher/School levels on Science Self-efficacy Using Machine Learning and Multilevel Latent Profile Analysis,40. Kim et al. (2024). Exploring Influencing Factors at Student and.json,direct,peer_reviewed_research,Correlational,Quantified,Bounded,5,4
41,"Jason C. Immekus, Tai?sun Jeong & Jin Eun Yoo",2022,"Machine learning procedures for predictor variable selection for schoolwork?related anxiety: evidence from PISA 2015 mathematics, reading, and science assessments",41. Immekus et al. (2022). Machine learning procedures for predictor variable.json,direct,peer_reviewed_research,Correlational,Quantified,Bounded,1,4
42,"Pedro Gil-Madrona, Ashly Mercedes Guerrero-Muguerza, Álvaro Infantes-Paniagua, María Martínez-López",2025,What Are the Best Predictors of STEM Competences in PISA 2018? An Analysis of the Spanish Context Using Data Mining,42. Gil-Madrona et al. (2025). What Are the Best Predictors of STEM Competences in.json,direct,peer_reviewed_research,Correlational,Quantified,Bounded,1,4
43,"Bo Hu, Jing Gao, Yannuo Feng, Ziqian Xia, Kun Wang & Liuna Geng",2025,Predicting adolescents’ environmental action: From individual to national-level factors using an explainable machine learning approach,43. Hu et al. (2025). Predicting adolescents’ environmental action From.json,direct,peer_reviewed_research,Correlational,Quantified,Global/Unspecified,0,4
44,Olga Lezhnina & Gábor Kismihók,2022,Combining statistical and machine learning methods to explore German students’ attitudes towards ICT in PISA,44. Lezhnina & Kismihók. (2022). Combining statistical and machine learning methods to.json,direct,peer_reviewed_research,Correlational,Quantified,Bounded,2,4
45,"Ersoy Öz, Okan Bulut, Zuhal Fatma Cellat & Hülya Yürekli",2024,Stacking: An ensemble learning approach to predict student performance in PISA 2022,45. Öz et al. (2024). Stacking An ensemble learning approach to predict.json,direct,peer_reviewed_research,Correlational,Quantified,Global/Unspecified,0,4
46,"Yi Peng, Yanyu Wang & Jie Hu",2023,"Examining ICT attitudes, use and support in blended learning settings for students’ reading performance: Approaches of artificial intelligence and multilevel model","46. Peng et al. (2023). Examining ICT attitudes, use and support in blended.json",direct,peer_reviewed_research,Correlational,Quantified,Bounded,32,4
47,Joseph Y. Haw & Ronnel B. King,2023,"Understanding Filipino students’ achievement in PISA: The roles of personal characteristics, proximal processes, and social contexts",47. Haw & King. (2023). Understanding Filipino students’ achievement in PISA.json,direct,peer_reviewed_research,Correlational,Quantified,Bounded,1,4
48,"Zexuan Pan, Maria Cutumisu",2022,Using machine learning to predict UK and Japanese secondary students' life satisfaction in PISA 2018,48. Pan & Cutumisu. (2022). Using machine learning to predict UK and Japanese.json,direct,peer_reviewed_research,Correlational,Quantified,Bounded,2,4
49,"Allan B. I. Bernardo, Macario O. Cordel II, Sashmir A. Yap, and Unisse C. Chua.",2022,Contrasting Profiles of Low-Performing Mathematics Students in Public and Private Schools in the Philippines: Insights from Machine Learning,49. Bernardo et al. (2022). Contrasting Profiles of Low-Performing Mathematics.json,direct,peer_reviewed_research,Correlational,Quantified,Bounded,1,4
50,"Juan Ramon Rico-Juan, Beatriz Pena-Acuna, Oscar Navarro-Martinez",2024,"Holistic exploration of reading comprehension skills, technology and socioeconomic factors in Spanish teenagers","50. Rico-Juan et al. (2024). Holistic exploration of reading comprehension skills,.json",direct,peer_reviewed_research,Correlational,Quantified,Bounded,1,4
51,"Paul A. Jewsbury1, J. R. Lockwood & Matthew S. Johnson",2025,Irt?latent regression with many predictors: limits and solutions,51. Jewsbury1 et al. (2025). Irt?latent regression with many predictors limits and.json,direct,peer_reviewed_research,Correlational,Quantified,Global/Unspecified,0,4
52,"Jie Hu, Yi Peng & Xiao Chen",2023,"Decoding Contextual Factors Differentiating Adolescents’ High, Average, and Low Digital Reading Performance Through Machine-Learning Methods",52. Hu et al. (2023). Decoding Contextual Factors Differentiating.json,direct,peer_reviewed_research,Correlational,Quantified,Global/Unspecified,0,4
53,"Ting Tin Tin, Lee Shi Hock & Omolayo M. Ikumapayi",2024,Educational Big Data Mining: Comparison of Multiple Machine Learning Algorithms in Predictive Modelling of Student Academic Performance,53. Tin et al. (2024). Educational Big Data Mining Comparison of Multiple.json,direct,peer_reviewed_research,Correlational,Quantified,Global/Unspecified,0,4
54,Pedro San Martin Soares,2024,Combining Statistical and Machine Learning Methods to Identify Predictors of Brazilian Students’ Pro ciency in PISA 2018,54. Soares. (2024). Combining Statistical and Machine Learning Methods to.json,direct,peer_reviewed_research,Correlational,Quantified,Bounded,1,4
55,"Onur Ramazan, Shenghai Dai, Robert William Danielson, Yuliya Ardasheva, Tao Hao, Bruce W. Austin",2023,Students’ 2018 PISA reading self-concept: Identifying predictors and examining model generalizability for emergent bilinguals,55. Ramazan et al. (2023). Students’ 2018 PISA reading self-concept Identifying.json,direct,peer_reviewed_research,Correlational,Quantified,Bounded,1,4
56,"Yi Wang, Ronnel King, Joseph Hawc & Shing on Leung",2022,What explains Macau students’ achievement? An integrative perspective using a machine learning approach,56. Wang et al. (2022). What explains Macau students’ achievement? An.json,direct,peer_reviewed_research,Correlational,Quantified,Bounded,1,4
57,Hanol Lee,2022,What drives the performance of Chinese urban and rural secondary schools: A machine learning approach using PISA 2018,57. Lee. (2022). What drives the performance of Chinese urban and rural.json,direct,peer_reviewed_research,Correlational,Quantified,Bounded,1,4
58,"Dahman Tahri, Ji Liu & Millicent Aziku",2026,Machine-Learning Applications in Predicting Students’ Non-Cognitive Skills: Evidence from PISA 2022,58. Tahri et al. (2026). Machine-Learning Applications in Predicting Students’.json,direct,peer_reviewed_research,Correlational,Quantified,Bounded,10,4
59,"Jakob Schwerter, Johannes Bleher, Philipp Doebler Nele McElvany",2025,"Metropolitan, Urban, and Rural Regions: How Regional Differences Affect Elementary School Students in Germany","59. Schwerter et al. (2025). Metropolitan, Urban, and Rural Regions How Regional.json",direct,peer_reviewed_research,Correlational,Quantified,Bounded,1,4
60,K?vanç Bozku?,2024,Predictors of reading performance of fourth-grade Turkish students,60. Bozku?. (2024). Predictors of reading performance of fourth-grade.json,direct,peer_reviewed_research,Correlational,Quantified,Bounded,1,4
61,"Faming Wang, Ronnel B. King & Shing On Leung",2022,Beating the odds: Identifying the top predictors of resilience among Hong Kong students,61. Wang et al. (2022). Beating the odds Identifying the top predictors of.json,direct,peer_reviewed_research,Correlational,Quantified,Bounded,1,4
62,"Yi Wang, Ronnel King & Shing On Leun",2022,Understanding Chinese Students’ Well?Being: A Machine Learning Study,62. Wang et al. (2022). Understanding Chinese Students’ Well?Being A Machine.json,direct,peer_reviewed_research,Correlational,Quantified,Bounded,1,4
63,"Zhi Hong Wan, Yanan Zhang, Xiaojing Weng",2025,What are the Most Important Factors Influencing Science Performance? A Machine Learning Study of Singaporean and Finish PISA Data,63. Wan et al. (2025). What are the Most Important Factors Influencing.json,direct,peer_reviewed_research,Correlational,Quantified,Bounded,2,4
64,"Alexander Constante-Amores, Delia Arroyo-Resino, María Sánchez-Munilla, Inmaculada Asensio-Muñoz",2024,Contribution of machine learning to the analysis of grade repetition in Spain: A study based on PISA data,64. Constante-Amores et al. (2024). Contribution of machine learning to the analysis of.json,direct,peer_reviewed_research,Correlational,Quantified,Bounded,1,4
65,"Myint Swe Khine, Yang Liu, Vivek K. Pallipuram & Ernest Afari",2024,"A Machine-Learning Approach to Predicting the Achievement of Australian Students Using School Climate; Learner Characteristics; and Economic, Social, and Cultural Status",65. Khine et al. (2024). A Machine-Learning Approach to Predicting the.json,direct,peer_reviewed_research,Correlational,Quantified,Bounded,1,4
66,Pedia Zhan &Xin Qiao,2022,Diagnostic Classification Analysis Of Problem-Solving Competence Using Process Data: An Item Expansion Method,66. Qiao. (2022). Diagnostic Classification Analysis Of Problem-Solving.json,direct,peer_reviewed_research,Correlational,Quantified,Bounded,4,4
67,"Ella Anghel, Lale Khorramdel & Matthias von Davier",2024,The use of process data in large?scale assessments: a literature review,67. Anghel et al. (2024). The use of process data in large?scale assessments a.json,direct,review_article,Synthesis,Directional,Global/Unspecified,0,2
68,"Sydney Peters, Nan Zhang, Hong Jiao, Ming Li, Tianyi Zhou",2025,Review of Text-Based Approaches to Item Difficulty Modeling in Large-Scale Assessments,68. Peters et al. (2025). Review of Text-Based Approaches to Item Difficulty.json,direct,review_article,Synthesis,None,Global/Unspecified,0,1
69,Daniel Hernández?Torrano & Matthew G. R. Courtney,2021,Modern international large?scale assessment in education: an integrative review and mapping of the literature,69. Hernández?Torrano & Courtney. (2021). Modern international large?scale assessment in.json,direct,review_article,Synthesis,Directional,Bounded,15,2
70,"Joyce de Souza Zanirato Maia, Ana Paula Arantes Bueno & Joao Ricardo Sato",2023,Applications of Artificial Intelligence Models in Educational Analytics and Decision Making: A Systematic Review,70. Maia et al. (2023). Applications of Artificial Intelligence Models in.json,direct,review_article,Synthesis,Directional,Bounded,3,2
71,"Jing Huang , Yan Ping Xin & Hua Hua Chang",2025,The Application of Machine Learning to Educational Process Data Analysis: A Systematic Review,71. Huang et al. (2025). The Application of Machine Learning to Educational.json,direct,review_article,Synthesis,Directional,Global/Unspecified,0,2
72,Nani Teig,2023,Uncovering Student Strategies for Solving Scientific Inquiry Tasks: Insights from Student Process Data in PISA,72. Teig. (2023). Uncovering Student Strategies for Solving Scientific.json,direct,peer_reviewed_research,Correlational,Quantified,Bounded,1,4
73,"Minyoung Yun, Minjeong Jeon & Heyoung Yang",2025,Discovering action insights from large-scale assessment log data using machine learning,73. Yun et al. (2025). Discovering action insights from large-scale.json,direct,peer_reviewed_research,Correlational,Quantified,Global/Unspecified,0,4
74,"Jimei Ding, Ting Li, Yuan Liu, Jieyu Sang",2025,Evaluating test-taking motivation based on process data and its influence on academic performance,74. Ding et al. (2025). Evaluating test-taking motivation based on process.json,direct,peer_reviewed_research,Correlational,Quantified,Bounded,8,4
75,"Fatma Nur Aydin, Kubra Atalay Kabasakal & Ismail Dilek",2025,Investigating the Predictive Performance of Process Data and Result Data in Complex Problem Solving Using the Conditional Gradient Boosting Algorithm,75. Aydin et al. (2025). Investigating the Predictive Performance of Process.json,direct,peer_reviewed_research,Correlational,Quantified,Bounded,1,4
76,"Hongwen Guo, Matthew Johnson, Luis Saldivia, Michelle Worthington & Kadriye Ercikan",2024,Human-Centered AI for Discovering Student Engagement Profiles on Large-Scale Educational Assessments,76. Guo et al. (2024). Human-Centered AI for Discovering Student Engagement.json,direct,peer_reviewed_research,Correlational,Quantified,Bounded,1,4
77,"Jinnie Shin, Bowen Wang, Wallace N. Pinto Junior & Mark J. Gierl",2024,An engagement?aware predictive model to evaluate problem?solving performance from the study of adult skills’ (PIAAC 2012) process data,77. Shin et al. (2024). An engagement?aware predictive model to evaluate.json,direct,peer_reviewed_research,Correlational,Quantified,Bounded,3,4
78,"Franck Salles, Reinaldo Dos Santos & Saskia Keskpaik",2020,When didactics meet data science: process data analysis in large?scale mathematics assessment in France,78. Salles et al. (2020). When didactics meet data science process data analysis.json,direct,peer_reviewed_research,Correlational,Quantified,Bounded,1,4
79,Aleksandar Peji? & Piroska Stani? Molcer,2021,Predictive Machine Learning Approach for Complex Problem Solving Process Data Mining,79. Peji? & Molcer. (2021). Predictive Machine Learning Approach for Complex.json,direct,peer_reviewed_research,Correlational,Quantified,Global/Unspecified,0,4
80,"Sydney Peters, Nan Zhang, Hong Jiao, Ming Li, Tianyi Zhou & Robert Lissitz",2025,Text-Based Approaches to Item Difficulty Modeling in Large-Scale Assessments: A Systematic Review,80. Peters et al. (2025). Text-Based Approaches to Item Difficulty Modeling in.json,direct,review_article,Synthesis,Directional,Global/Unspecified,0,2
81,"Eva de Schipper, Bernard Veldkamp, Remco Feskens, Franck Salles, Saskia Keskpaik, Reinaldo dos Santos & Paul Drijvers",2025,Identifying students’ solution strategies in digital mathematics assessment using log data,81. Schipper et al. (2025). Identifying students’ solution strategies in digital.json,direct,peer_reviewed_research,Correlational,Quantified,Bounded,1,4
82,Denise Reis Costa & Chia?Wen Chen,2023,Exploring the relationship between process data and contextual variables among Scandinavian students on PISA 2012 mathematics tasks,82. Costa & Chen. (2023). Exploring the relationship between process data and.json,direct,peer_reviewed_research,Correlational,Quantified,Bounded,3,4
83,Damian Murchan & Fazilat Siddiq,2021,A call to action: a systematic review of ethical and regulatory issues in using process data in educational assessment,83. Murchan & Siddiq. (2021). A call to action a systematic review of ethical and.json,direct,review_article,Synthesis,Directional,Global/Unspecified,0,2
84,"Tao Gong, Lan Shuai, Yang Jiang & Burcu Arslan",2023,Using process features to investigate scientific problem-solving in large-scale assessments,84. Gong et al. (2023). Using process features to investigate scientific.json,direct,peer_reviewed_research,Correlational,Quantified,Bounded,1,4
85,"Sabrina Ludwig, Andreas Rausch, Viola Deutscher & Jürgen Seifried",2024,Predicting problem-solving success in an office simulation applying N-grams and a random forest to behavioral process data,85. Ludwig et al. (2024). Predicting problem-solving success in an office.json,direct,peer_reviewed_research,Correlational,Quantified,Global/Unspecified,0,4
86,"Aleksandar Peji?, Piroska Stani? Molcer, Dávid Fa",2022,Improving math proficiency prediction in computer-based international large-scale assessments with data augmentation,86. Peji? et al. (2022). Improving math proficiency prediction in.json,direct,peer_reviewed_research,Correlational,Quantified,Global/Unspecified,0,4
87,Ba?ak Erdem-Kara,2025,Exploring Test-Taking Disengagement in the Context of PISA 2022: Evidence from Process Data,87. Erdem-Kara. (2025). Exploring Test-Taking Disengagement in the Context of.json,direct,peer_reviewed_research,Correlational,Quantified,Bounded,1,4
88,"Hyun-Jeong Park, Dayeon Lee & Hyemin Park",2023,Understanding students’ problem-solving patterns: Evidence from an allotted response time in a PISA 2012 item,88. Park et al. (2023). Understanding students’ problem-solving patterns.json,direct,peer_reviewed_research,Correlational,Quantified,Global/Unspecified,0,4
89,"Juyeon Lee, Sue Hyeon Paek & Yoonsun Jang",2025,Uncovering Behavioral Patterns in Creative Thinking: Utilizing and Interpreting PISA 2022 Process Data,89. Lee et al. (2025). Uncovering Behavioral Patterns in Creative Thinking.json,direct,review_article,Synthesis,Directional,Global/Unspecified,0,2
90,"Areum Han, Florian Krieger, Francesca Borgonovi & Samuel Greiff",2023,Behavioral patterns in collaborative problem solving: a latent profile analysis based on response times and actions in PISA 2015,90. Han et al. (2023). Behavioral patterns in collaborative problem solving a.json,direct,peer_reviewed_research,Correlational,Quantified,Bounded,11,4
91,"Aleksandar Peji?, Piroska Stani? Molcer & Kristian Gula?i",2021,Math proficiency prediction in computer-based international large-scale assessments using a multi-class machine learning model,91. Peji? et al. (2021). Math proficiency prediction in computer-based.json,direct,peer_reviewed_research,Correlational,Quantified,Global/Unspecified,0,4
92,"Jung Yeon Park, George Mason University, Sean Joo, University of Kansas, Zikun Li, George Mason University, and Hyejin Yoon, Michigan State University",2025,Measurement Invariance for Multilingual Learners Using Item Response and Response Time in PISA 2018,92. Park et al. (2025). Measurement Invariance for Multilingual Learners Using.json,direct,peer_reviewed_research,Correlational,Quantified,Bounded,1,4
93,"Kangjun Liang, Dongbo Tu & Yan Cai",2023,Using Process Data to Improve Classification Accuracy of Cognitive Diagnosis Model,93. Liang et al. (2023). Using Process Data to Improve Classification Accuracy.json,direct,peer_reviewed_research,Correlational,Quantified,Global/Unspecified,0,4
94,Alexander Robitzsch & Oliver Lüdtke,2022,Some thoughts on analytical choices in the scaling model for test scores in international large?scale assessment studies,94. Robitzsch & Lüdtke. (2022). Some thoughts on analytical choices in the scaling.json,direct,methodology_paper,Synthesis,None,Global/Unspecified,0,1
95,"Hyewon Chung, Jung-In Kim, Eunjin (EJ) Jung & Soyoung Park",2022,An International Comparison Study Exploring the Influential Variables Affecting Students’ Reading Literacy and Life Satisfaction,95. Chung et al. (2022). An International Comparison Study Exploring the.json,direct,peer_reviewed_research,Correlational,Quantified,Bounded,2,4
96,"Ziying Li, Huggins-Manley, Jinnie Shin, Huan Kuang and A. Corinne",2025,Exploring the Evidence to Interpret Differential Item Functioning via Response Process Data,96. Li et al. (2025). Exploring the Evidence to Interpret Differential Item.json,direct,peer_reviewed_research,Correlational,Quantified,Bounded,1,4
97,"Fu Chen, Chang Lu & Ying Cui",2023,Using learners’ problem?solving processes in computer?based assessments for enhanced learner modeling: A deep learning approach,97. Chen et al. (2023). Using learners’ problem?solving processes in.json,direct,peer_reviewed_research,Correlational,Quantified,Global/Unspecified,0,4
98,Todd Zhou & Hong Jiao,2023,Exploration of the Stacking Ensemble Machine Learning Algorithm for Cheating Detection in Large Scale Assessment,98. Zhou & Jiao. (2023). Exploration of the Stacking Ensemble Machine Learning.json,direct,peer_reviewed_research,Correlational,Quantified,Global/Unspecified,0,4
99,"Hong Jiao,Qiwei He & Bernard P. Veldkamp",2018,Editorial: Process Data in Educational and Psychological Measurement,99. Jiao et al. (2018). Editorial Process Data in Educational and.json,direct,technical_report,Synthesis,Directional,Global/Unspecified,0,2
100,"Esther Ulitzsch, Qiwei He, Vincent Ulitzsch, Hendrik Molter, André Nichterlein, Rolf Niedermeier, Steffi Pohl",2021,Combining Clickstream Analyses And Graph-Modeled Data Clustering For Identifying Common Response Processes,100. Ulitzsch et al. (2021). Combining Clickstream Analyses And Graph-Modeled Data.json,direct,peer_reviewed_research,Correlational,Quantified,Bounded,1,4
101,"Xueying Tang , Zhi Wang, Jingchen Liu & Zhiliang Ying",2021,An exploratory analysis of the latent structure of process data via action sequence autoencoders,101. Tang et al. (2021). An exploratory analysis of the latent structure of.json,direct,peer_reviewed_research,Correlational,Quantified,Global/Unspecified,0,4
102,"Denise Reis Costa,Maria Bolsinova, Jesper Tijmstra & Björn Andersson",2021,Improving the Precision of Ability Estimates Using Time-On-Task Variables: Insights From the PISA 2012 Computer-Based Assessment of Mathematics,102. Costa et al. (2021). Improving the Precision of Ability Estimates Using.json,direct,peer_reviewed_research,Correlational,Quantified,Bounded,31,4
103,"Ronny Scherer, Fazilat Siddiq & Trude Nilsen",2024,The potential of international large?scale assessments for meta?analyses in education,103. Scherer et al. (2024). The potential of international large?scale assessments.json,direct,review_article,Synthesis,Directional,Global/Unspecified,0,2
104,"Ji Yoon Jung, Lillian Tyack & Matthias von Davier",2022,Automated Scoring of Constructed-Response Items Using Artificial Neural Networks in International Large-scale Assessment,104. Jung et al. (2022). Automated Scoring of Constructed-Response Items Using.json,direct,peer_reviewed_research,Correlational,Quantified,Bounded,1,4
105,"Jamie Stiff, Jenny Lenkeit, Therese N. Hopfenbeck, Heather L. Kaytona & Joshua A. McGrane",2023,Research engagement in the Progress in International Reading Literacy Study: A systematic review,105. Stiff et al. (2023). Research engagement in the Progress in International.json,direct,review_article,Synthesis,Directional,Global/Unspecified,0,2
106,"Xuetan Zhai, Wei Yuan, Tianyu Liu & Qiang Wang",2024,Machine learning investigation of optimal psychoemotional well-being factors for students’ reading literacy,106. Zhai et al. (2024). Machine learning investigation of optimal.json,direct,peer_reviewed_research,Correlational,Quantified,Bounded,1,4
107,"Bin Tan, Hao-Yue Jin & Maria Cutumisu",2025,Using machine learning algorithms to predict students’ general self-efficacy in PISA 2018,107. Tan et al. (2025). Using machine learning algorithms to predict students’.json,direct,peer_reviewed_research,Correlational,Quantified,Bounded,5,4
108,"Samantha R. Goldman, Sean J. Smith & Adam Carreon",2025,Artificial Intelligence to Support Writing Outcomes for Students With Disabilities,108. Goldman et al. (2025). Artificial Intelligence to Support Writing Outcomes.json,direct,review_article,Synthesis,None,Global/Unspecified,0,1
109,"Aron Fink, Christoph König & Andreas Frey",2024,Methodological aspects of the highly adaptive testing design for PISA,109. Fink et al. (2024). Methodological aspects of the highly adaptive testing.json,direct,methodology_paper,Synthesis,Directional,Global/Unspecified,0,2
110,"Kenneth Li-Minn Ang, Feng Lu Ge & Kah Phooi Seng",2020,"Big Educational Data & Analytics: Survey, Architecture and Challenges","110. Ang et al. (2020). Big Educational Data & Analytics Survey, Architecture.json",direct,review_article,Synthesis,None,Bounded,1,2
111,"Allan B. I. Bernardo, Macario O. Cordel, Marissa Ortiz Calleja, Jude Michael M. Teves, Sashmir A. Yap & Unisse C. Chua",2023,Profiling low-proficiency science students in the Philippines using machine learning,111. Bernardo et al. (2023). Profiling low-proficiency science students in the.json,direct,peer_reviewed_research,Correlational,Quantified,Bounded,1,4
112,"Susu Zhang, Zhi Wang, Jitong Qi, Jingchen Liu & Zhiliang Ying",2023,Accurate Assessment via Process Data,112. Zhang et al. (2023). Accurate Assessment via Process Data.json,direct,peer_reviewed_research,Correlational,Quantified,Bounded,5,4
113,"Lillian Tyack, Lale Khorramdel & Matthias von Davier",2024,Using convolutional neural networks to automatically score eight TIMSS 2019 graphical response items,113. Tyack et al. (2024). Using convolutional neural networks to automatically.json,direct,peer_reviewed_research,Correlational,Quantified,Global/Unspecified,0,4
114,"Zakaria Khoudi, Mourad Nachaoui & Soufiane Lyaqini",2024,Identifying the contextual factors related to the reading performance of Moroccan fourth-grade students from a Machine Learning-based Approach,114. Khoudi et al. (2024). Identifying the contextual factors related to the.json,direct,peer_reviewed_research,Correlational,Quantified,Bounded,1,4
115,"Andreas Rausch, Stephan Abele, Viola Deutscher, Samuel Greiff, Viktoria Kis, Sally Messenger, Jenny Shackleton, Lucia Tramonte, Michael Ward & Esther Winther",2024,Designing an International Large?Scale Assessment of Professional Competencies and Employability Skills: Emerging Avenues and Challenges of OECD’s PISA?VET,115. Rausch et al. (2024). Designing an International Large?Scale Assessment of.json,direct,methodology_paper,Synthesis,Directional,Global/Unspecified,0,2
116,Lu Ye & Yuqing Yuan,2022,"Using a Machine Learning Approach to Explore Non-Cognitive Factors Affecting Reading, Mathematics, and Science Literacy in China and the United States",116. Ye & Yuan. (2022). Using a Machine Learning Approach to Explore.json,direct,peer_reviewed_research,Correlational,Quantified,Bounded,2,4
117,"Hyo Jin Lim, Jin Eun Yoo, Minjeong Rho & Jae Jun Ryu",2024,Exploration of Variables Predicting Sense of School Belonging Using the Machine Learning Method—Group Mnet,117. Lim et al. (2024). Exploration of Variables Predicting Sense of School.json,direct,peer_reviewed_research,Correlational,Quantified,Bounded,1,4
118,"David Rutkowski, Leslie Rutkowski, Greg Thompson & Yusuf Canbolat",2024,The limits of inference: reassessing causality in international assessments,118. Rutkowski et al. (2024). The limits of inference reassessing causality in.json,direct,review_article,Synthesis,None,Global/Unspecified,0,1
119,"Diego Cortes, Dirk Hastedt & Sabine Meinck",2025,Evaluating uncertainty: the impact of the sampling and assessment design on statistical inference in the context of ILSA,119. Cortes et al. (2025). Evaluating uncertainty the impact of the sampling and.json,direct,methodology_paper,Synthesis,Directional,Bounded,16,2
120,"Sonia Rebaia, Fatma Ben Yahiab & Hédi Essid",2020,A graphically based machine learning approach to predict secondary schools performance in Tunisia,120. Rebaia et al. (2020). A graphically based machine learning approach to.json,direct,peer_reviewed_research,Correlational,Quantified,Bounded,1,4
121,"Henry Isaiah Braun, Matthias von Davier & Jihang Chen",2025,Rethinking TIMSS quality assurance: utilizing neural network models with regression based bias mitigation strategies for validating country?level math and science achievement scores,121. Braun et al. (2025). Rethinking TIMSS quality assurance utilizing neural.json,direct,peer_reviewed_research,Correlational,Quantified,Bounded,32,4
122,Lisa Marie Ripoll Y Schmitz & Philipp Sonnleitner,2025,Evaluating AI?generated vs. human?written reading comprehension passages: an expert SWOT analysis and comparative study for an educational large?scale assessment,122. Schmitz & Sonnleitner. (2025). Evaluating AI?generated vs. human?written reading.json,direct,peer_reviewed_research,Correlational,Quantified,Bounded,2,4
123,Paul A. Jewsbury & Matthew S. Johnso,2025,Principal component analysis on the covariance matrix for data reduction in large?scale assessments,123. Jewsbury & Johnso. (2025). Principal component analysis on the covariance matrix.json,direct,peer_reviewed_research,Correlational,Quantified,Bounded,1,4
124,Plamen V. Mirazchiyski & Vadim Gershteyn,2024,Technology factors related to the differences in paper and online reading scores in PIRLS 2016,124. Mirazchiyski & Gershteyn. (2024). Technology factors related to the differences in paper.json,direct,peer_reviewed_research,Correlational,Quantified,Bounded,6,4
125,Francis Huang & Brian Keller,2025,Working with missing data in large?scale assessments,125. Huang & Keller. (2025). Working with missing data in large?scale assessments.json,direct,methodology_paper,Synthesis,Quantified,Bounded,1,2
126,"Jinming He, Shixiu Ren & Danhui Zhang",2024,The relationship between personal?collaborative motivation profiles and students’ performance in collaborative problem solving,126. He et al. (2024). The relationship between personal?collaborative.json,direct,peer_reviewed_research,Correlational,Directional,Bounded,1,3
127,"Siyu Sun, Xiaopeng Wu & Tianshu Xu",2023,A Theoretical Framework for a Mathematical Cognitive Model for Adaptive Learning Systems,127. Sun et al. (2023). A Theoretical Framework for a Mathematical Cognitive.json,direct,methodology_paper,Synthesis,Directional,Global/Unspecified,0,2
128,"Jiangping Chen, Yang Zhang, Jie Hu",2021,Synergistic effects of instruction and affect factors on high? and low?ability disparities in elementary students’ reading literacy,128. Chen et al. (2021). Synergistic effects of instruction and affect factors.json,direct,peer_reviewed_research,Correlational,Quantified,Bounded,7,4
129,Diego G. Campos & Ronny Scherer,2024,"Digital gender gaps in Students’ knowledge, attitudes and skills: an integrative data analysis across 32 Countries","129. Campos & Scherer. (2024). Digital gender gaps in Students’ knowledge, attitudes.json",direct,peer_reviewed_research,Correlational,Quantified,Bounded,34,4
130,"B. Goecke, M. Benedek, J.G. Diedrich, B. Forthmann, S. Patzl, S. Weiss",2026,Being female and being well-situated implies higher performance on creative thinking tests: Evidence across 62 countries from PISA 2022,130. Goecke et al. (2026). Being female and being well-situated implies higher.json,direct,peer_reviewed_research,Correlational,Quantified,Bounded,14,4
131,"Jiheng Wu, Wenjun Zhang, Shuai Zhang, Bowen Fang, and Na Yu",2026,Predicting Key Factors Influencing Students' Creative Thinking: A Machine Learning Analysis Based on PISA 2022 Data From East Asia,131. Wu et al. (2026). Predicting Key Factors Influencing Students' Creative.json,direct,peer_reviewed_research,Correlational,Quantified,Bounded,5,4
132,"Ulku Hilal Yildirim, Yasemin Kayhan Atilgan, and Derya Turfan",2026,Understanding Students' Mathematical Achievement Through Feature Selection and Machine Learning: Evidence From PISA 2018,132. Yildirim et al. (2026). Understanding Students' Mathematical Achievement.json,direct,peer_reviewed_research,Correlational,Quantified,Bounded,1,4
133,"Elisabeth Barbara Kraus, Benjamin Goecke, and Ann-Kathrin Jaggy",2026,The Essence of Creative Thinking in PISA 2022: An Item-Level Machine Learning Approach to Construct Validity at the Facet Level,,,,,,,,
134,"Hui Chen, Hongji Deng, Hao Yu, Yan Dong, and Huazhen Wang",2026,Interpretable Machine Learning Reveals Key Determinants of Creative Thinking Among East Asian Students: Evidence From PISA 2022,,,,,,,,
135,"Fernando Martínez-Abad, Adriana Gamazo, and María-José Rodríguez-Conde",2020,Educational Data Mining: Identification of Factors Associated With School Effectiveness in PISA Assessment,135. Martínez-Abad et al. (2020). Educational Data Mining Identification of Factors.json,direct,peer_reviewed_research,Correlational,Quantified,Bounded,1,4
136,"Li Zhu, Hyesun You, Minju Hong, and Zhenhan Fang",2025,Predictive Insights Into U.S. Students' Mathematics Performance on PISA 2022 Using Ensemble Tree-Based Machine Learning Models,2. Zhu et al. (2025). Predictive insights into U.S. students’ mathematics.json,near-dup-of-2,peer_reviewed_research,Correlational,Quantified,Bounded,1,4
137,Nitesh Kumar Jha; Meng-Jung Tsai,2026,Using Machine Learning Approaches to Predict Taiwanese Eighth Graders' Computational Thinking Performance in ICILS 2023 Study,137. Jha & Tsai. (2026). Using Machine Learning Approaches to Predict Taiwanese.json,direct,peer_reviewed_research,Correlational,Quantified,Bounded,1,4
138,Yusuf Kasap and Mustafa Köro?lu,2025,The Effect of the Weight Variable on Predicting Reading Comprehension Achievement in PISA 2018: A Data Mining Approach,138. Kasap & Köro?lu. (2025). The Effect of the Weight Variable on Predicting.json,direct,peer_reviewed_research,Correlational,Quantified,Bounded,1,4
139,"Jiheng Wu, Baiwei Liu, and Qian Zhao",2026,Which Teachers Adopt AI in Teaching? An Interpretable Machine Learning Analysis of East Asian Data from TALIS 2024,139. Wu et al. (2026). Which Teachers Adopt AI in Teaching? An Interpretable.json,direct,peer_reviewed_research,Correlational,Quantified,Bounded,4,4
140,Huayu Shen and Tong Zhou,2026,Tools as Well-Being? AI Teaching Applications and Teacher Work Stress: Evidence From TALIS 2024,140. Shen & Zhou. (2026). Tools as Well-Being? AI Teaching Applications and.json,direct,peer_reviewed_research,Correlational,Quantified,Bounded,7,4
141,"Ekaterina Enchikova, Tiago Neves, Cibelle Toledo, and Gil Nata",2024,Change in socioeconomic educational equity after 20 years of PISA: A systematic literature review,141. Enchikova et al. (2024). Change in socioeconomic educational equity after 20.json,direct,review_article,Synthesis,Directional,Bounded,44,2
142,Taner Y?lmaz and Kübra Atalay Kabasakal,2025,Comparison of Statistical and Machine Learning Approaches for Predicting Mathematical Literacy: Evidence from PISA 2022 Türkiye,142. Y?lmaz & Kabasakal. (2025). Comparison of Statistical and Machine Learning.json,direct,peer_reviewed_research,Correlational,Quantified,Bounded,1,4
143,"Özlem Bezek Güre, Hikmet ?evgin, and Murat Kayri",2023,Reviewing the Factors Affecting PISA Reading Skills by Using Random Forest and MARS Methods,,,,,,,,
144,Emrah Buyukatak and Duygu Anil,2022,An Investigation of Data Mining Classification Methods in Classifying Students According to 2018 PISA Reading Scores,144. Buyukatak & Anil. (2022). An Investigation of Data Mining Classification Methods.json,direct,peer_reviewed_research,Correlational,Quantified,Bounded,1,4
145,"Yaxian Lei, Zhenjie Lu, and Yunkai Deng",2026,"Drivers, Pedagogical Uses, and Barriers of Teachers' AI Adoption: Cross-National Evidence From TALIS 2024","145. Lei et al. (2026). Drivers, Pedagogical Uses, and Barriers of Teachers'.json",direct,peer_reviewed_research,Correlational,Quantified,Bounded,4,4
146,"Nani Teig, Ronny Scherer, and Rolf Vegar Olsen",2022,A systematic review of studies investigating science teaching and learning: over two decades of TIMSS and PISA,146. Teig et al. (2022). A systematic review of studies investigating science.json,direct,review_article,Synthesis,None,Global/Unspecified,0,1
147,"Roberta Alvarenga dos Santos, Cássio Rangel Paulista, and Henrique Rego Monteiro da Hora",2024,Education Data Mining on PISA 2015 Best Ranked Countries: What Makes the Students Go Well,147. Santos et al. (2024). Education Data Mining on PISA 2015 Best Ranked.json,direct,peer_reviewed_research,Correlational,Quantified,Bounded,9,4
148,Yi Wu,2025,Analyzing Scientific Literacy in Asia's Top Five PISA 2022 Performers Using Hierarchical Linear Modeling and Bourdieu's Theory of Practice,148. Wu. (2025). Analyzing Scientific Literacy in Asia's Top Five PISA.json,direct,peer_reviewed_research,Correlational,Quantified,Bounded,5,4
149,"Tommy Tanu Wijaya, Wahyu Hidayat, Neni Hermita, Jesi Alexander Alim, and Corrienna Abdul Talib",2024,Exploring Contributing Factors to PISA 2022 Mathematics Achievement: Insights from Indonesian Teachers,149. Wijaya et al. (2024). Exploring Contributing Factors to PISA 2022.json,direct,peer_reviewed_research,Correlational,Quantified,Bounded,1,4
150,"Ang Liu, Yuguang Wei, Qi Xiu, Hao Yao, and Jia Liu",2023,How Learning Time Allocation Make Sense on Secondary School Students' Academic Performance: A Chinese Evidence Based on PISA 2018,150. Liu et al. (2023). How Learning Time Allocation Make Sense on Secondary.json,direct,peer_reviewed_research,Correlational,Quantified,Bounded,1,4
151,"Utama Alan Deta, Septy Kurrota A'yun, Luthfiyaul Laila, Binar Kurnia Prahani, and Nadi Suprapto",2024,PISA Science Framework 2018 vs 2025 and Its Impact in Physics Education: Literature Review,151. Deta et al. (2024). PISA Science Framework 2018 vs 2025 and Its Impact in.json,direct,review_article,Synthesis,Directional,Global/Unspecified,0,2
152,Sue Grey and Paul Morris,2024,"Capturing the Spark: PISA, Twenty-First Century Skills and the Reconstruction of Creativity","152. Grey & Morris. (2024). Capturing the Spark PISA, Twenty-First Century Skills.json",direct,review_article,Synthesis,None,Global/Unspecified,0,1
153,"Yi-Jhen Wu, Claus H. Carstensen, and Jihyun Lee",2020,A New Perspective on Memorization Practices Among East Asian Students Based on PISA 2012,153. Wu et al. (2020). A New Perspective on Memorization Practices Among East.json,direct,peer_reviewed_research,Correlational,Quantified,Bounded,7,4
154,Alexander Robitzsch,2022,On the Choice of the Item Response Model for Scaling PISA Data: Model Selection Based on Information Criteria and Quantifying Model Uncertainty,154. Robitzsch. (2022). On the Choice of the Item Response Model for Scaling.json,direct,peer_reviewed_research,Correlational,Quantified,Bounded,26,4
155,Imam Kusmaryono and Widya Kusumaningsih,2023,Evaluating the Results of PISA Assessment: Are There Gaps Between the Teaching of Mathematical Literacy at Schools and in PISA Assessment,155. Kusmaryono & Kusumaningsih. (2023). Evaluating the Results of PISA Assessment Are There.json,direct,peer_reviewed_research,Correlational,Quantified,Bounded,1,4
156,Jelena Veleti? and Rolf Vegar Olsen,2024,Exploring School Leadership Profiles Across the World: A Cluster Analysis Approach to TALIS 2018,156. Veleti? & Olsen. (2024). Exploring School Leadership Profiles Across the World.json,direct,peer_reviewed_research,Correlational,Quantified,Bounded,47,4
157,"Pan Tang, Hao Liu, and Hongbo Wen",2021,Factors Predicting Collaborative Problem Solving: Based on the Data From PISA 2015,157. Tang et al. (2021). Factors Predicting Collaborative Problem Solving Based.json,direct,peer_reviewed_research,Correlational,Quantified,Bounded,1,4
158,"Hanol Lee, Jong-Wha Lee",2026,Explaining gender differences in mathematics achievement: Cross-country evidence from PISA,158. Lee & Lee. (2026). Explaining gender differences in mathematics.json,direct,peer_reviewed_research,Correlational,Quantified,Global/Unspecified,0,4
159,Ghaleb Hamad Alnahdi and Susanne Schwab,2023,The Impact of Gender Differences in Teachers' Teaching Practices and Attitudes on Students' Math and Science Achievement in Saudi Arabia: Evidence From TIMSS 2019 Data,159. Alnahdi & Schwab. (2023). The Impact of Gender Differences in Teachers' Teaching.json,direct,peer_reviewed_research,Correlational,Quantified,Bounded,1,4
160,"Nur?ah Aksu, Gökhan Aksu, and Seda Saracalo?lu",2022,Prediction of the Factors Affecting PISA Mathematics Literacy of Students from Different Countries by Using Data Mining Methods,160. Aksu et al. (2022). Prediction of the Factors Affecting PISA Mathematics.json,direct,peer_reviewed_research,Correlational,Quantified,Bounded,6,4
161,Hyun Sook Yi and Wooyoul Na,2020,How Are Maths-Anxious Students Identified and What Are the Key Predictors of Maths Anxiety? Insights Gained From PISA Results for Korean Adolescents,161. Yi & Na. (2020). How Are Maths-Anxious Students Identified and What Are.json,direct,peer_reviewed_research,Correlational,Quantified,Bounded,1,4
162,"Nani Teig, Ronny Scherer, and Marit Kjærnsli",2020,Identifying Patterns of Students' Performance on Simulated Inquiry Tasks Using PISA 2015 Log-File Data,162. Teig et al. (2020). Identifying Patterns of Students' Performance on.json,direct,peer_reviewed_research,Correlational,Quantified,Bounded,1,4
163,John Jerrim,2024,Has Peak PISA Passed? An Investigation of Interest in International Large-Scale Assessments Across Countries and Over Time,163. Jerrim. (2024). Has Peak PISA Passed? An Investigation of Interest in.json,direct,peer_reviewed_research,Correlational,Quantified,Bounded,91,4
164,"Farhan Ali, Yook Kit Ow-Yeong, and Jacqueline L. Tilley",2024,"Are Schools Becoming More Unequal? Insights From Exploratory Data Mining of International Large-Scale Assessment, TIMSS 2003–2019",164. Ali et al. (2024). Are Schools Becoming More Unequal? Insights From.json,direct,peer_reviewed_research,Correlational,Quantified,Bounded,10,4
165,"Richard Muench, Oliver Wieczorek, and Julian Dressler",2023,Equity Lost: Sweden and Finland in the Struggle for PISA Scores,165. Muench et al. (2023). Equity Lost Sweden and Finland in the Struggle for.json,direct,peer_reviewed_research,Correlational,Quantified,Bounded,2,4
166,Björn Boman and Marie Wiberg,2024,"The Influence of SES, Migration Background, and Non-Cognitive Abilities on PISA Reading and Mathematics Achievement: Evidence From Sweden","166. Boman & Wiberg. (2024). The Influence of SES, Migration Background, and.json",direct,peer_reviewed_research,Correlational,Quantified,Bounded,1,4
167,"Fang Xu, Kai Wenhui, and Jiang Pei",2025,Exploring the Effect of Digitization on Education: An Empirical Analysis Based on PISA 2022,167. Xu et al. (2025). Exploring the Effect of Digitization on Education An.json,direct,peer_reviewed_research,Correlational,Quantified,Global/Unspecified,0,4
168,"Jiangping Chen, Yang Zhang, Yueer Wei, and Jie Hu",2021,Discrimination of the Contextual Features of Top Performers in Scientific Literacy Using a Machine Learning Approach,168. Chen et al. (2021). Discrimination of the Contextual Features of Top.json,direct,peer_reviewed_research,Correlational,Quantified,Global/Unspecified,0,4
169,"Bryce Odell, Maria Cutumisu, and Mark Gierl",2020,A Scoping Review of the Relationship Between Students' ICT and Performance in Mathematics and Science in the PISA Data,169. Odell et al. (2020). A Scoping Review of the Relationship Between Students'.json,direct,review_article,Synthesis,Directional,Bounded,18,2
170,"Xin Liu, Kajsa Yang Hansen, Martin Valcke, and Jan De Neve",2024,A Decade of PISA: Student Perceived Instructional Quality and Mathematics Achievement Across European Countries,170. Liu et al. (2024). A Decade of PISA Student Perceived Instructional.json,direct,peer_reviewed_research,Correlational,Quantified,Bounded,10,4
171,Serpil K?l?ç Depren and Özer Depren,2022,Cross-Cultural Comparisons of the Factors Influencing the High Reading Achievement in Turkey and China: Evidence From PISA 2018,171. Depren & Depren. (2022). Cross-Cultural Comparisons of the Factors Influencing.json,direct,peer_reviewed_research,Correlational,Quantified,Bounded,2,4
172,Soi Kei Ho and Zhengdong Gan,2023,Instructional Practices and Students' Reading Performance: A Comparative Study of 10 Top Performing Regions in PISA 2018,172. Ho & Gan. (2023). Instructional Practices and Students' Reading.json,direct,peer_reviewed_research,Correlational,Quantified,Bounded,10,4
173,"Julia Mang, Helmut Küchenhoff, Sabine Meinck, and Manfred Prenzel",2021,Sampling Weights in Multilevel Modelling: An Investigation Using PISA Sampling Structures,,,,,,,,
174,"Matthew Courtney, Mehmet Karakus, Zara Ersozlu, and Kaidar Nurumov",2022,The Influence of ICT Use and Related Attitudes on Students' Math and Science Performance: Multilevel Analyses of the Last Decade's PISA Surveys,174. Courtney et al. (2022). The Influence of ICT Use and Related Attitudes on.json,direct,peer_reviewed_research,Correlational,Quantified,Global/Unspecified,0,4
175,"Xiaofang Sarah Wang, Laura B. Perry, Anabela Malpique, and Tobias Ide",2023,Factors Predicting Mathematics Achievement in PISA: A Systematic Review,175. Wang et al. (2023). Factors Predicting Mathematics Achievement in PISA A.json,direct,review_article,Synthesis,Directional,Global/Unspecified,0,2
176,Demos Michael and Leonidas Kyriakides,2023,Mediating Effects of Motivation and Socioeconomic Status on Reading Achievement: A Secondary Analysis of PISA 2018,176. Michael & Kyriakides. (2023). Mediating Effects of Motivation and Socioeconomic.json,direct,peer_reviewed_research,Correlational,Quantified,Bounded,38,4
177,Ana María Suárez-Mesa and Ricardo L. Gómez,2024,Does Teachers' Motivation Have an Impact on Students' Scientific Literacy and Motivation? An Empirical Study in Colombia With Data From PISA 2015,177. Suárez-Mesa & Gómez. (2024). Does Teachers' Motivation Have an Impact on Students'.json,direct,peer_reviewed_research,Correlational,Quantified,Bounded,1,4
178,Allan B. I. Bernardo and Ma. Joahna Mante-Estacio,2023,Metacognitive Reading Strategies and Its Relationship With Filipino High School Students' Reading Proficiency: Insights From the PISA 2018 Data,178. Bernardo & Mante-Estacio. (2023). Metacognitive Reading Strategies and Its Relationship.json,direct,peer_reviewed_research,Correlational,Quantified,Bounded,1,4
179,"Virginia M. C. Tze, Johnson C.-H. Li, and Lia M. Daniels",2022,"Similarities and Differences in Social and Emotional Profiles Among Students in Canada, USA, China, and Singapore: PISA 2015",179. Tze et al. (2022). Similarities and Differences in Social and Emotional.json,direct,peer_reviewed_research,Correlational,Quantified,Bounded,4,4
180,"Ulas Ustun, Mustafa Cansiz, Ertugrul Ozdemir, and Nurcan Cansiz",2022,Student and School-Level Factors to Predict Science Literacy for Two Top-Performing Countries in PISA 2015: Finland and Singapore,180. Ustun et al. (2022). Student and School-Level Factors to Predict Science.json,direct,peer_reviewed_research,Correlational,Quantified,Bounded,2,4
181,"Fernando Martínez-Abad, Adriana Gamazo, and María-José Rodríguez-Conde",2020,Educational Data Mining: Identification of Factors Associated With School Effectiveness in PISA Assessment,181. Martínez-Abad et al. (2020). Educational Data Mining Identification of Factors.json,direct,peer_reviewed_research,Correlational,Quantified,Bounded,1,4
182,Yimeng Liu and Jian Wang,2022,The Mediating–Moderating Model of Inquiry-Based Learning and Science Self-Efficacy: Evidence From PISA 2015,182. Liu & Wang. (2022). The Mediating–Moderating Model of Inquiry-Based.json,direct,peer_reviewed_research,Correlational,Quantified,Global/Unspecified,0,4
183,Serap Büyükk?d?k,2023,Influential Factors on Mathematical Literacy of Turkish Students: An Educational Data Mining Study Using PISA 2015 Data,183. Büyükk?d?k. (2023). Influential Factors on Mathematical Literacy of.json,direct,peer_reviewed_research,Correlational,Quantified,Bounded,1,4
184,Gözde S?rganc?,2023,A Machine Learning Approach to Assess Differential Item Functioning of PISA 2018 ICT Engagement Questionnaire,184. S?rganc?. (2023). A Machine Learning Approach to Assess Differential.json,direct,peer_reviewed_research,Correlational,Quantified,Bounded,10,4
185,"Delia Arroyo Resino, Alexander Constante-Amores, María Castro, and Enrique Navarro",2024,School Effectiveness and High Reading Achievement of Spanish Students in PISA 2018: A Machine Learning Approach,185. Resino et al. (2024). School Effectiveness and High Reading Achievement of.json,direct,peer_reviewed_research,Correlational,Quantified,Bounded,1,4
186,"Xu Wei, Yuxin Liu, and Kan Guo",2026,Identifying Key Predictors of Resilience in Mathematics Engagement: Global Evidence From PISA 2022 Using Machine Learning,186. Wei et al. (2026). Identifying Key Predictors of Resilience in.json,direct,peer_reviewed_research,Correlational,Quantified,Global/Unspecified,0,4
187,Marcos Delprato,2026,Cognitive and Non-Cognitive Efficiency Gaps Between Private and Public Schools and Their Determinants in the Latin America Region — A Hybrid Data Envelopment Analysis and Interpretable Machine Learning Approach Based on PISA 2022,,,,,,,,
188,"König, C.; Fink, A.; Frey, A.",2026,Effects of the 'highly adaptive testing design for PISA' on plausible value-based population estimates,,,,,,,,
189,"Allan B. I. Bernardo, Macario O. Cordel II, and Justin Gerard E. Ricardo",2026,Predictors of Cognitive Skills Underlying Global Competences of Filipino Students in PISA 2018: A Machine-Learning Approach,189. Bernardo et al. (2026). Predictors of Cognitive Skills Underlying Global.json,direct,peer_reviewed_research,Correlational,Quantified,Bounded,1,4
190,Enes Filiz and Ersoy Öz,2020,Educational Data Mining Methods for TIMSS 2015 Mathematics Success: Turkey Case,190. Filiz & Öz. (2020). Educational Data Mining Methods for TIMSS 2015.json,direct,peer_reviewed_research,Correlational,Quantified,Bounded,1,4
191,ZhuFang Mao,2026,AI-Related Measures and Self-Reported Lesson-Aim Attainment: An Explainable Machine-Learning Analysis of TALIS 2024,191. Mao. (2026). AI-Related Measures and Self-Reported Lesson-Aim.json,direct,peer_reviewed_research,Correlational,Quantified,Global/Unspecified,0,4
192,F. Javier Murillo and Angel C. Herrero,2026,"Can Teacher AI Literacy Reach Those Who Need It Most? Professional Learning, Realised Access, and Cumulative Advantage in TALIS 2024",192. Murillo & Herrero. (2026). Can Teacher AI Literacy Reach Those Who Need It Most?.json,direct,peer_reviewed_research,Correlational,Quantified,Bounded,8,4
193,"Ezgi Gülenç Bayirli, Atabey Kaygun, and Ersoy Öz",2023,An Analysis of PISA 2018 Mathematics Assessment for Asia-Pacific Countries Using Educational Data Mining,193. Bayirli et al. (2023). An Analysis of PISA 2018 Mathematics Assessment for.json,direct,peer_reviewed_research,Correlational,Quantified,Bounded,12,4
194,"Ji Yoon Jung, Ummugul Bezirhan, Matthias von Davier",2026,Optimizing automated scoring in ILSAs with prompt compression,194. Jung et al. (2026). Optimizing automated scoring in ILSAs with prompt.json,direct,peer_reviewed_research,Correlational,Quantified,Bounded,28,4
195,"Sadullah Çelik, Bilge Do?anl?, and Emel ?a?maz",2026,Comparative Analysis of Global Education Performances Based on PISA 2022 Results: An Assessment With Statistical and Machine Learning Methods,195. Çelik et al. (2026). Comparative Analysis of Global Education Performances.json,direct,peer_reviewed_research,Correlational,Quantified,Bounded,18,4
196,"Xin Miao, Ali Nadaf, and Zhuotong Zhou",2023,Machine Learning Evidence From PISA 2018 Data to Integrate Global Competence Intervention in UAE K–12 Public Schools,196. Miao et al. (2023). Machine Learning Evidence From PISA 2018 Data to.json,direct,peer_reviewed_research,Correlational,Quantified,Bounded,1,4
197,"Ay?e Ülkü Kan, Zulfukar Aytac Kisman, Handan Aydemir, Mehmet Alper Kan, Selman Uzun, Cem Ayden, Gungor Yildirim, and Bilal Alatas",2026,Economic Freedom Index and Educational Performance: An Explainable AI Analysis of Cross-Country PISA Profiles,197. Kan et al. (2026). Economic Freedom Index and Educational Performance An.json,direct,peer_reviewed_research,Correlational,Quantified,Bounded,1,4
198,Xu Wei and Kan Guo,2026,Understanding Mathematics Anxiety Among High-Achieving East Asian Students: A Machine Learning Analysis of PISA 2022 Data,198. Wei & Guo. (2026). Understanding Mathematics Anxiety Among High-Achieving.json,direct,peer_reviewed_research,Correlational,Quantified,Bounded,6,4
199,"Eloy López-Meneses, Luis López-Catalán, Noelia Pelícano-Piris, and Pedro C. Mellado-Moreno",2025,Artificial Intelligence in Educational Data Mining and Human-in-the-Loop Machine Learning and Machine Teaching: Analysis of Scientific Knowledge,199. López-Meneses et al. (2025). Artificial Intelligence in Educational Data Mining and.json,direct,review_article,Synthesis,None,Global/Unspecified,0,1
200,Nitesh Kumar Jha & Meng-Jung Tsai,2026,Using machine learning approaches to predict Taiwanese eighth graders’ computational thinking performance in ICILS 2023 study,137. Jha & Tsai. (2026). Using Machine Learning Approaches to Predict Taiwanese.json,near-dup-of-137,peer_reviewed_research,Correlational,Quantified,Bounded,1,4
201,Jiaqi Ou; Zhenpeng He; Jingyan Xue; Fengwei Liu; Tao He; Xiaoming Cao,2026,Predicting Teachers' AI Usage in Education Based on Machine Learning: Evidence from TALIS 2024,201. Ou et al. (2026). Predicting Teachers' AI Usage in Education Based on.json,direct,peer_reviewed_research,Correlational,Quantified,Global/Unspecified,0,4
202,Abdelamine Elouafi; Ilyas Tammouch; Soumaya Nouna; Assiya Nouna,2025,Explaining Student Absenteeism in Morocco Using TIMSS 2023 Data: A Deep Learning and Explainable AI Approach,,,,,,,,
203,"Zülfükar Aytaç, Ay?e Ülkü Kan, Selman Uzun, Mehmet Alper Kan, and Güngör Y?ld?r?m",2026,Analysis of the Effects of World Bank Macroeconomic and Management Indicators on Sustainable Education Quality on PISA Scores Using the SHAP Explainable Artificial Intelligence Method,203. Aytaç et al. (2026). Analysis of the Effects of World Bank Macroeconomic.json,direct,peer_reviewed_research,Correlational,Quantified,Global/Unspecified,0,4
204,Rebecca Lazarides; Jonas Frenkel; Martin Daumiller; Markus Dresel; Uroš Petkovi?; Olaf Hellwich; Richard Göllner,2026,Disentangling Teacher and Lesson Variance and Their Relations to Supportive Learning Environments: A Machine Learning Assessment of Teacher Nonverbal Behavior,204. Lazarides et al. (2026). Disentangling Teacher and Lesson Variance and Their.json,direct,peer_reviewed_research,Correlational,Quantified,Bounded,1,4
205,Pongprapan Pongsophon,2026,Contrastive Modelling of Self-Regulated Inquiry Behaviours Across Nations: Evidence from TIMSS 2023 Earth Science,205. Pongsophon. (2026). Contrastive Modelling of Self-Regulated Inquiry.json,direct,peer_reviewed_research,Correlational,Quantified,Bounded,5,4
206,Huan Kuang,2026,Evaluating Neural Networks Architectures for Competency Prediction from Process Data Using PISA Computer-Based Mathematics Assessment,210. Kuang. (2026). Evaluating Neural Network Architectures for Competency.json,near-dup-of-210,peer_reviewed_research,Correlational,Quantified,Bounded,1,4
207,"Trejo-Macotela, Francisco R.; González-Peralta, Mayra Fabiola; Godínez-Flores, Gregoria C.; Olivares-Escorza, Mayte",2026,"Artificial Intelligence, Academic Resilience, and Gender Equity in Education Systems: Ethical Challenges, Predictive Bias, and Governance Implications","207. Trejo-Macotela et al. (2026). Artificial Intelligence, Academic Resilience, and.json",direct,peer_reviewed_research,Correlational,Quantified,Global/Unspecified,0,4
208,Denis Djekourmane; Wei Zhang; Millicent Aziku; Dongfang Wu; Yang Zhang,2026,Using Machine Learning to Predict Student Mathematics Performance in Six East Asian Countries: Evidence from PISA 2022,208. Djekourmane et al. (2026). Using Machine Learning to Predict Student Mathematics.json,direct,peer_reviewed_research,Correlational,Quantified,Bounded,6,4
209,Bouabid Qabliyane; Zakaria Khoudi; Abdelamine Elouafi; Abderrahim Salhi; Mohamed Baslam,2026,Supervised Machine Learning-Based Multiclass Classification and Interpretable Feature Importance Analysis of Teacher Job Satisfaction,,,,,,,,
210,Huan Kuang,2026,Evaluating Neural Network Architectures for Competency Prediction from Process Data Using PISA Computer-Based Mathematics Assessment,210. Kuang. (2026). Evaluating Neural Network Architectures for Competency.json,direct,peer_reviewed_research,Correlational,Quantified,Bounded,1,4
211,Qiwei He; Yiming Chen; Elizabeth L. Tighe; Gal Kaldes,2026,Understanding Adults' Spatial Cognitive Processes: A Time-Embedded N-Grams Model with Machine Learning,211. He et al. (2026). Understanding Adults' Spatial Cognitive Processes A.json,direct,peer_reviewed_research,Correlational,Quantified,Bounded,1,4
212,Xinhai Cai; Yi Bi; Yonggang Feng,2026,Exploring the Impact of ICT Interaction on Students' Creative Thinking Across Performance Levels: An Explainable AI Perspective,212. Cai et al. (2026). Exploring the Impact of ICT Interaction on Students'.json,direct,peer_reviewed_research,Correlational,Quantified,Bounded,5,4
